product_id,product_name,category,price
1,Product_1,Electronics,10987.42
2,Product_2,Beauty,18172.77
3,Product_3,Home,12571.92
4,Product_4,Electronics,18942.95
5,Product_5,Electronics,414.35
6,Product_6,Beauty,1164.61
7,Product_7,Electronics,10139.97
8,Product_8,Beauty,7285.7
9,Product_9,Books,15034.63
10,Product_10,Sports,7839.85
11,Product_11,Books,10221.63
12,Product_12,Beauty,15642.18
13,Product_13,Sports,2151.7
14,Product_14,Electronics,12903.27
15,Product_15,Clothing,7858.23
16,Product_16,Home,10116.3
17,Product_17,Sports,17416.08
18,Product_18,Sports,3559.38
19,Product_19,Electronics,17369.68
20,Product_20,Clothing,17223.98
21,Product_21,Sports,5857.34
22,Product_22,Electronics,18066.96
23,Product_23,Sports,10919.39
24,Product_24,Home,8773.2
25,Product_25,Books,967.28
26,Product_26,Electronics,2145.63
27,Product_27,Clothing,394.22
28,Product_28,Electronics,15180.8
29,Product_29,Sports,13422.48
30,Product_30,Home,17266.87
31,Product_31,Electronics,4377.56
32,Product_32,Home,15637.57
33,Product_33,Electronics,17073.95
34,Product_34,Sports,19262.72
35,Product_35,Books,11576.04
36,Product_36,Home,5875.96
37,Product_37,Clothing,19894.8
38,Product_38,Beauty,15226.3
39,Product_39,Books,8151.36
40,Product_40,Beauty,15710.55
41,Product_41,Clothing,6676.25
42,Product_42,Sports,7070.05
43,Product_43,Clothing,1305.86
44,Product_44,Sports,12786.22
45,Product_45,Clothing,3665.84
46,Product_46,Sports,18243.86
47,Product_47,Electronics,332.51
48,Product_48,Electronics,19986.11
49,Product_49,Sports,16391.5
50,Product_50,Clothing,8451.9
51,Product_51,Home,19950.39
52,Product_52,Books,14418.01
53,Product_53,Sports,760.07
54,Product_54,Sports,12481.11
55,Product_55,Beauty,9358.81
56,Product_56,Electronics,7569.31
57,Product_57,Books,4368.89
58,Product_58,Clothing,16210.22
59,Product_59,Clothing,10943.87
60,Product_60,Clothing,17316.23
61,Product_61,Electronics,5482.31
62,Product_62,Sports,9818.79
63,Product_63,Books,18330.58
64,Product_64,Books,11594.76
65,Product_65,Sports,13162.5
66,Product_66,Clothing,18281.64
67,Product_67,Sports,7416.94
68,Product_68,Clothing,3912.07
69,Product_69,Home,10413.06
70,Product_70,Home,16956.88
71,Product_71,Electronics,6879.52
72,Product_72,Beauty,1836.39
73,Product_73,Sports,5815.68
74,Product_74,Electronics,6514.48
75,Product_75,Books,16587.19
76,Product_76,Sports,7397.24
77,Product_77,Sports,11359.24
78,Product_78,Books,1926.77
79,Product_79,Books,11513.01
80,Product_80,Clothing,1148.37
81,Product_81,Electronics,336.41
82,Product_82,Clothing,18593.08
83,Product_83,Home,14894.24
84,Product_84,Clothing,11716.99
85,Product_85,Beauty,14888.99
86,Product_86,Books,785.35
87,Product_87,Clothing,5357.67
88,Product_88,Sports,12331.74
89,Product_89,Electronics,3679.96
90,Product_90,Electronics,16959.0
91,Product_91,Books,16615.33
92,Product_92,Clothing,11815.41
93,Product_93,Books,5171.88
94,Product_94,Books,3772.96
95,Product_95,Books,3277.04
96,Product_96,Clothing,16817.9
97,Product_97,Books,8412.07
98,Product_98,Electronics,9265.8
99,Product_99,Home,781.91
100,Product_100,Beauty,14910.52
101,Product_101,Books,19933.28
102,Product_102,Electronics,17752.63
103,Product_103,Electronics,961.13
104,Product_104,Clothing,2154.53
105,Product_105,Books,6041.09
106,Product_106,Home,18772.8
107,Product_107,Books,3020.18
108,Product_108,Books,3382.52
109,Product_109,Electronics,13737.66
110,Product_110,Electronics,14591.28
111,Product_111,Books,1892.64
112,Product_112,Home,3225.3
113,Product_113,Clothing,7114.04
114,Product_114,Sports,3866.25
115,Product_115,Beauty,1915.22
116,Product_116,Beauty,3986.29
117,Product_117,Electronics,5277.49
118,Product_118,Sports,17443.43
119,Product_119,Books,16718.07
120,Product_120,Beauty,1928.57
121,Product_121,Clothing,17709.67
122,Product_122,Sports,14033.24
123,Product_123,Sports,4101.75
124,Product_124,Clothing,1264.93
125,Product_125,Home,14328.76
126,Product_126,Books,13152.52
127,Product_127,Books,9146.89
128,Product_128,Sports,2467.53
129,Product_129,Sports,3636.56
130,Product_130,Beauty,1521.72
131,Product_131,Beauty,4540.66
132,Product_132,Beauty,3931.1
133,Product_133,Clothing,14167.12
134,Product_134,Clothing,10562.76
135,Product_135,Books,2501.88
136,Product_136,Sports,18126.96
137,Product_137,Books,3884.11
138,Product_138,Sports,1954.9
139,Product_139,Home,16884.15
140,Product_140,Books,10922.8
141,Product_141,Beauty,9999.19
142,Product_142,Books,10951.37
143,Product_143,Electronics,10700.18
144,Product_144,Clothing,17487.46
145,Product_145,Electronics,1977.37
146,Product_146,Clothing,11243.47
147,Product_147,Sports,11253.93
148,Product_148,Electronics,7274.92
149,Product_149,Home,8113.33
150,Product_150,Beauty,7233.11
151,Product_151,Electronics,7501.31
152,Product_152,Books,9122.75
153,Product_153,Clothing,3619.83
154,Product_154,Clothing,8183.23
155,Product_155,Books,6777.69
156,Product_156,Home,2003.3
157,Product_157,Clothing,2748.59
158,Product_158,Books,3024.89
159,Product_159,Beauty,15134.68
160,Product_160,Beauty,15115.32
161,Product_161,Sports,11865.12
162,Product_162,Sports,396.06
163,Product_163,Books,12013.22
164,Product_164,Beauty,9606.35
165,Product_165,Electronics,5361.04
166,Product_166,Books,1021.1
167,Product_167,Clothing,19655.7
168,Product_168,Sports,779.69
169,Product_169,Clothing,4551.75
170,Product_170,Beauty,6878.41
171,Product_171,Home,15309.37
172,Product_172,Books,6348.21
173,Product_173,Beauty,1729.9
174,Product_174,Books,2788.02
175,Product_175,Beauty,14506.29
176,Product_176,Books,9385.72
177,Product_177,Clothing,11304.31
178,Product_178,Electronics,6685.36
179,Product_179,Clothing,9983.68
180,Product_180,Books,5712.69
181,Product_181,Sports,10979.21
182,Product_182,Electronics,14694.84
183,Product_183,Electronics,18329.55
184,Product_184,Home,426.27
185,Product_185,Home,2500.19
186,Product_186,Beauty,1830.01
187,Product_187,Books,3628.34
188,Product_188,Clothing,12897.72
189,Product_189,Books,639.33
190,Product_190,Beauty,8106.85
191,Product_191,Home,18694.24
192,Product_192,Home,14783.26
193,Product_193,Electronics,9703.85
194,Product_194,Home,7661.81
195,Product_195,Home,15551.0
196,Product_196,Clothing,11365.92
197,Product_197,Books,10736.49
198,Product_198,Home,5028.12
199,Product_199,Electronics,1310.08
200,Product_200,Beauty,18086.36
201,Product_201,Clothing,10309.04
202,Product_202,Home,315.38
203,Product_203,Clothing,9779.97
204,Product_204,Books,18190.96
205,Product_205,Sports,4555.55
206,Product_206,Home,997.52
207,Product_207,Books,1015.87
208,Product_208,Books,3527.5
209,Product_209,Electronics,8782.72
210,Product_210,Sports,10925.87
211,Product_211,Clothing,4564.89
212,Product_212,Sports,233.49
213,Product_213,Electronics,16468.58
214,Product_214,Electronics,9379.18
215,Product_215,Books,2972.55
216,Product_216,Home,19999.92
217,Product_217,Sports,7709.51
218,Product_218,Beauty,7961.92
219,Product_219,Books,7460.98
220,Product_220,Books,14157.67
221,Product_221,Beauty,789.55
222,Product_222,Electronics,19096.81
223,Product_223,Clothing,16601.53
224,Product_224,Beauty,18385.21
225,Product_225,Electronics,1530.97
226,Product_226,Clothing,8405.46
227,Product_227,Clothing,2413.66
228,Product_228,Sports,10165.88
229,Product_229,Electronics,5390.32
230,Product_230,Home,3773.07
231,Product_231,Beauty,4887.92
232,Product_232,Sports,14925.26
233,Product_233,Home,19236.12
234,Product_234,Books,4663.39
235,Product_235,Home,10412.37
236,Product_236,Beauty,8324.19
237,Product_237,Sports,5160.83
238,Product_238,Clothing,12346.52
239,Product_239,Books,15991.52
240,Product_240,Home,17078.39
241,Product_241,Beauty,12832.35
242,Product_242,Beauty,6058.36
243,Product_243,Home,4139.28
244,Product_244,Electronics,18474.56
245,Product_245,Sports,3127.85
246,Product_246,Clothing,10127.74
247,Product_247,Home,11908.97
248,Product_248,Beauty,10860.1
249,Product_249,Beauty,5142.6
250,Product_250,Home,17356.35
251,Product_251,Clothing,11616.45
252,Product_252,Electronics,7063.78
253,Product_253,Books,9317.72
254,Product_254,Electronics,10703.63
255,Product_255,Home,5721.57
256,Product_256,Electronics,248.4
257,Product_257,Clothing,2251.53
258,Product_258,Beauty,5142.9
259,Product_259,Home,8845.4
260,Product_260,Beauty,9184.89
261,Product_261,Beauty,15045.81
262,Product_262,Sports,13429.81
263,Product_263,Clothing,8851.12
264,Product_264,Books,11682.59
265,Product_265,Sports,12053.1
266,Product_266,Books,19112.54
267,Product_267,Electronics,9540.09
268,Product_268,Clothing,10335.48
269,Product_269,Electronics,18914.0
270,Product_270,Home,9861.95
271,Product_271,Books,12417.8
272,Product_272,Home,9649.14
273,Product_273,Beauty,5957.86
274,Product_274,Home,4231.12
275,Product_275,Sports,8152.13
276,Product_276,Home,3828.09
277,Product_277,Electronics,19388.59
278,Product_278,Beauty,13731.34
279,Product_279,Electronics,6343.58
280,Product_280,Electronics,10640.33
281,Product_281,Electronics,6954.85
282,Product_282,Beauty,1359.3
283,Product_283,Beauty,6955.94
284,Product_284,Clothing,3378.22
285,Product_285,Books,18740.03
286,Product_286,Books,6091.29
287,Product_287,Home,1148.12
288,Product_288,Clothing,3014.46
289,Product_289,Clothing,14155.48
290,Product_290,Sports,978.32
291,Product_291,Home,5083.83
292,Product_292,Electronics,10897.22
293,Product_293,Clothing,12763.06
294,Product_294,Electronics,11244.82
295,Product_295,Books,14869.43
296,Product_296,Home,15645.7
297,Product_297,Clothing,12306.26
298,Product_298,Clothing,4296.58
299,Product_299,Clothing,14408.06
300,Product_300,Sports,4497.56
301,Product_301,Clothing,5322.19
302,Product_302,Beauty,13045.14
303,Product_303,Clothing,9380.25
304,Product_304,Sports,11884.32
305,Product_305,Clothing,14027.68
306,Product_306,Electronics,12352.4
307,Product_307,Home,17313.25
308,Product_308,Sports,1618.92
309,Product_309,Sports,11703.7
310,Product_310,Clothing,14443.32
311,Product_311,Books,12468.85
312,Product_312,Beauty,13668.93
313,Product_313,Books,7593.68
314,Product_314,Beauty,10422.19
315,Product_315,Home,1335.52
316,Product_316,Books,321.68
317,Product_317,Electronics,17652.52
318,Product_318,Beauty,15553.44
319,Product_319,Sports,2489.37
320,Product_320,Home,8294.88
321,Product_321,Electronics,17890.88
322,Product_322,Books,19440.57
323,Product_323,Home,19998.09
324,Product_324,Clothing,11894.58
325,Product_325,Home,3254.64
326,Product_326,Electronics,18658.15
327,Product_327,Clothing,10297.55
328,Product_328,Clothing,12161.55
329,Product_329,Electronics,6565.12
330,Product_330,Electronics,10577.14
331,Product_331,Home,11868.46
332,Product_332,Beauty,9282.5
333,Product_333,Books,18487.32
334,Product_334,Books,14413.14
335,Product_335,Electronics,12906.97
336,Product_336,Sports,1519.55
337,Product_337,Clothing,5858.71
338,Product_338,Electronics,12822.79
339,Product_339,Beauty,17483.39
340,Product_340,Clothing,6175.77
341,Product_341,Electronics,13588.55
342,Product_342,Sports,3213.49
343,Product_343,Beauty,8449.69
344,Product_344,Clothing,8237.78
345,Product_345,Books,15788.81
346,Product_346,Home,10591.78
347,Product_347,Electronics,8377.43
348,Product_348,Clothing,8111.93
349,Product_349,Home,16137.12
350,Product_350,Books,4162.49
351,Product_351,Home,6122.93
352,Product_352,Home,12418.72
353,Product_353,Clothing,1564.18
354,Product_354,Sports,213.33
355,Product_355,Books,8426.49
356,Product_356,Electronics,15371.7
357,Product_357,Electronics,16210.46
358,Product_358,Beauty,5256.76
359,Product_359,Books,15986.22
360,Product_360,Books,9767.67
361,Product_361,Books,17706.57
362,Product_362,Home,18039.02
363,Product_363,Books,12910.94
364,Product_364,Home,2334.27
365,Product_365,Home,9710.53
366,Product_366,Clothing,3577.75
367,Product_367,Sports,7787.53
368,Product_368,Clothing,3617.04
369,Product_369,Home,12519.76
370,Product_370,Electronics,2725.82
371,Product_371,Home,14022.05
372,Product_372,Home,7341.55
373,Product_373,Electronics,1521.31
374,Product_374,Sports,3599.71
375,Product_375,Electronics,2812.88
376,Product_376,Clothing,6151.65
377,Product_377,Electronics,11122.01
378,Product_378,Beauty,5809.64
379,Product_379,Books,10376.21
380,Product_380,Books,5514.81
381,Product_381,Clothing,3364.8
382,Product_382,Books,10129.63
383,Product_383,Sports,13625.58
384,Product_384,Books,7538.41
385,Product_385,Beauty,12132.57
386,Product_386,Books,392.55
387,Product_387,Sports,2348.33
388,Product_388,Clothing,16902.53
389,Product_389,Electronics,5014.28
390,Product_390,Books,9257.16
391,Product_391,Sports,617.79
392,Product_392,Clothing,5867.68
393,Product_393,Books,15877.45
394,Product_394,Electronics,14315.7
395,Product_395,Electronics,9051.8
396,Product_396,Sports,12790.39
397,Product_397,Beauty,13608.79
398,Product_398,Electronics,10204.26
399,Product_399,Books,7087.57
400,Product_400,Sports,5621.83
401,Product_401,Beauty,13180.09
402,Product_402,Home,10541.76
403,Product_403,Sports,10210.07
404,Product_404,Beauty,12405.69
405,Product_405,Sports,3888.56
406,Product_406,Home,4990.19
407,Product_407,Electronics,6790.27
408,Product_408,Clothing,4705.38
409,Product_409,Sports,9047.86
410,Product_410,Books,12627.92
411,Product_411,Clothing,14113.64
412,Product_412,Home,7845.88
413,Product_413,Books,16097.61
414,Product_414,Home,7817.08
415,Product_415,Home,9585.07
416,Product_416,Clothing,17940.53
417,Product_417,Books,7069.14
418,Product_418,Home,13569.82
419,Product_419,Beauty,10129.42
420,Product_420,Books,6642.41
421,Product_421,Home,4643.91
422,Product_422,Sports,14381.22
423,Product_423,Books,1919.13
424,Product_424,Clothing,8198.55
425,Product_425,Books,5901.19
426,Product_426,Books,6102.0
427,Product_427,Clothing,12935.63
428,Product_428,Books,12169.9
429,Product_429,Beauty,19967.49
430,Product_430,Home,12467.98
431,Product_431,Books,2214.16
432,Product_432,Books,13743.56
433,Product_433,Electronics,3963.75
434,Product_434,Sports,8130.65
435,Product_435,Electronics,17002.13
436,Product_436,Books,2126.15
437,Product_437,Beauty,1774.39
438,Product_438,Clothing,5688.48
439,Product_439,Beauty,5040.05
440,Product_440,Clothing,14189.54
441,Product_441,Beauty,13787.27
442,Product_442,Electronics,15653.01
443,Product_443,Sports,18335.59
444,Product_444,Home,14731.42
445,Product_445,Books,13089.19
446,Product_446,Books,9352.17
447,Product_447,Beauty,15893.75
448,Product_448,Clothing,4540.77
449,Product_449,Sports,13000.3
450,Product_450,Clothing,19820.86
451,Product_451,Sports,2540.17
452,Product_452,Books,14981.54
453,Product_453,Beauty,14199.56
454,Product_454,Clothing,1572.78
455,Product_455,Electronics,6373.92
456,Product_456,Beauty,15657.16
457,Product_457,Electronics,5629.07
458,Product_458,Home,3080.38
459,Product_459,Home,11606.9
460,Product_460,Clothing,15544.03
461,Product_461,Electronics,1974.85
462,Product_462,Home,5232.41
463,Product_463,Books,6911.05
464,Product_464,Clothing,7135.74
465,Product_465,Sports,3087.02
466,Product_466,Beauty,3306.73
467,Product_467,Home,4255.14
468,Product_468,Clothing,10185.6
469,Product_469,Clothing,1694.6
470,Product_470,Books,5061.48
471,Product_471,Books,7639.43
472,Product_472,Sports,755.11
473,Product_473,Home,9461.2
474,Product_474,Clothing,13429.42
475,Product_475,Clothing,3135.17
476,Product_476,Home,2081.79
477,Product_477,Sports,354.94
478,Product_478,Home,17631.18
479,Product_479,Books,7425.53
480,Product_480,Books,17118.55
481,Product_481,Home,16259.09
482,Product_482,Electronics,2864.31
483,Product_483,Electronics,3441.36
484,Product_484,Electronics,15005.47
485,Product_485,Beauty,18641.72
486,Product_486,Electronics,13527.98
487,Product_487,Books,11212.1
488,Product_488,Books,11651.0
489,Product_489,Electronics,19771.34
490,Product_490,Home,17906.71
491,Product_491,Beauty,11006.53
492,Product_492,Sports,7339.39
493,Product_493,Sports,5157.54
494,Product_494,Clothing,3789.93
495,Product_495,Electronics,8974.58
496,Product_496,Beauty,16789.09
497,Product_497,Clothing,14149.86
498,Product_498,Home,12628.14
499,Product_499,Home,9117.39
500,Product_500,Sports,11891.33
501,Product_501,Sports,8556.56
502,Product_502,Electronics,16944.78
503,Product_503,Sports,1824.08
504,Product_504,Clothing,13999.62
505,Product_505,Sports,14213.37
506,Product_506,Clothing,2703.34
507,Product_507,Sports,3686.11
508,Product_508,Clothing,12348.45
509,Product_509,Beauty,2423.33
510,Product_510,Books,17263.75
511,Product_511,Clothing,8242.74
512,Product_512,Electronics,6389.99
513,Product_513,Home,9687.3
514,Product_514,Sports,8055.51
515,Product_515,Electronics,18142.52
516,Product_516,Home,2041.09
517,Product_517,Sports,4584.11
518,Product_518,Clothing,17620.9
519,Product_519,Books,12742.58
520,Product_520,Books,15614.88
521,Product_521,Clothing,6287.84
522,Product_522,Electronics,11854.42
523,Product_523,Books,18348.24
524,Product_524,Home,8215.94
525,Product_525,Electronics,2721.19
526,Product_526,Beauty,11068.78
527,Product_527,Electronics,8230.45
528,Product_528,Beauty,1629.06
529,Product_529,Home,14028.37
530,Product_530,Clothing,14183.35
531,Product_531,Books,10358.58
532,Product_532,Sports,4103.42
533,Product_533,Clothing,4007.7
534,Product_534,Clothing,19696.08
535,Product_535,Sports,17441.43
536,Product_536,Books,12547.61
537,Product_537,Sports,17961.01
538,Product_538,Sports,9297.74
539,Product_539,Books,19386.94
540,Product_540,Clothing,3810.54
541,Product_541,Beauty,10879.82
542,Product_542,Sports,7973.7
543,Product_543,Sports,1063.61
544,Product_544,Books,6044.18
545,Product_545,Clothing,15914.3
546,Product_546,Electronics,3191.81
547,Product_547,Clothing,6632.6
548,Product_548,Books,1992.7
549,Product_549,Electronics,19079.79
550,Product_550,Books,9029.28
551,Product_551,Home,14005.19
552,Product_552,Beauty,1993.74
553,Product_553,Clothing,1123.64
554,Product_554,Books,2956.77
555,Product_555,Clothing,4673.3
556,Product_556,Home,10988.54
557,Product_557,Electronics,18760.94
558,Product_558,Beauty,11487.73
559,Product_559,Home,2865.26
560,Product_560,Electronics,11793.94
561,Product_561,Home,3943.37
562,Product_562,Electronics,7248.22
563,Product_563,Books,10186.36
564,Product_564,Clothing,19723.19
565,Product_565,Beauty,15272.44
566,Product_566,Electronics,14099.66
567,Product_567,Sports,14986.02
568,Product_568,Clothing,10228.17
569,Product_569,Electronics,5560.35
570,Product_570,Home,13195.41
571,Product_571,Beauty,15604.27
572,Product_572,Electronics,804.62
573,Product_573,Sports,8542.98
574,Product_574,Home,10865.62
575,Product_575,Clothing,4383.58
576,Product_576,Sports,13606.58
577,Product_577,Clothing,9426.33
578,Product_578,Books,11115.43
579,Product_579,Sports,9657.02
580,Product_580,Books,17567.83
581,Product_581,Clothing,17497.73
582,Product_582,Sports,4698.3
583,Product_583,Beauty,10563.41
584,Product_584,Clothing,6239.82
585,Product_585,Books,13139.42
586,Product_586,Books,16042.21
587,Product_587,Clothing,13835.18
588,Product_588,Sports,17841.5
589,Product_589,Home,7460.63
590,Product_590,Beauty,12698.83
591,Product_591,Sports,16923.47
592,Product_592,Electronics,16334.76
593,Product_593,Beauty,3577.99
594,Product_594,Books,6314.21
595,Product_595,Books,14159.67
596,Product_596,Sports,17883.89
597,Product_597,Books,18387.79
598,Product_598,Clothing,4067.71
599,Product_599,Electronics,9964.84
600,Product_600,Sports,19970.89
601,Product_601,Clothing,14292.88
602,Product_602,Books,10539.63
603,Product_603,Books,9187.97
604,Product_604,Sports,19946.06
605,Product_605,Home,1533.51
606,Product_606,Beauty,11562.08
607,Product_607,Electronics,1354.87
608,Product_608,Electronics,14487.66
609,Product_609,Clothing,3584.84
610,Product_610,Home,10006.9
611,Product_611,Clothing,1155.84
612,Product_612,Home,19023.61
613,Product_613,Home,16844.02
614,Product_614,Beauty,1632.39
615,Product_615,Books,10026.77
616,Product_616,Beauty,3208.73
617,Product_617,Books,4845.34
618,Product_618,Home,1216.56
619,Product_619,Sports,12205.8
620,Product_620,Books,18793.99
621,Product_621,Clothing,3945.76
622,Product_622,Books,192.89
623,Product_623,Beauty,10910.61
624,Product_624,Sports,14637.71
625,Product_625,Beauty,16072.01
626,Product_626,Sports,1234.58
627,Product_627,Books,19961.68
628,Product_628,Beauty,7329.77
629,Product_629,Beauty,2913.78
630,Product_630,Electronics,10099.32
631,Product_631,Electronics,5150.11
632,Product_632,Electronics,1295.87
633,Product_633,Clothing,6505.77
634,Product_634,Clothing,18401.48
635,Product_635,Electronics,13408.63
636,Product_636,Electronics,7929.23
637,Product_637,Clothing,12730.68
638,Product_638,Beauty,3043.35
639,Product_639,Home,3912.46
640,Product_640,Books,17254.82
641,Product_641,Sports,19300.39
642,Product_642,Books,13155.31
643,Product_643,Sports,8913.94
644,Product_644,Sports,16345.53
645,Product_645,Electronics,16973.48
646,Product_646,Home,8965.73
647,Product_647,Sports,994.54
648,Product_648,Beauty,2646.26
649,Product_649,Clothing,17541.55
650,Product_650,Sports,15336.69
651,Product_651,Electronics,2633.33
652,Product_652,Sports,17255.37
653,Product_653,Clothing,5300.74
654,Product_654,Books,4868.53
655,Product_655,Home,3512.67
656,Product_656,Clothing,14298.9
657,Product_657,Books,1693.34
658,Product_658,Clothing,6826.7
659,Product_659,Electronics,11601.56
660,Product_660,Clothing,11857.89
661,Product_661,Sports,7319.41
662,Product_662,Beauty,318.2
663,Product_663,Home,18069.06
664,Product_664,Clothing,17581.84
665,Product_665,Sports,4468.93
666,Product_666,Beauty,12690.79
667,Product_667,Beauty,7931.27
668,Product_668,Home,12186.86
669,Product_669,Beauty,14715.07
670,Product_670,Home,17373.74
671,Product_671,Books,18750.78
672,Product_672,Electronics,4717.43
673,Product_673,Beauty,662.14
674,Product_674,Clothing,5127.54
675,Product_675,Home,7199.26
676,Product_676,Beauty,5833.0
677,Product_677,Books,13302.03
678,Product_678,Books,2281.56
679,Product_679,Clothing,1652.34
680,Product_680,Home,16276.46
681,Product_681,Electronics,13039.98
682,Product_682,Books,13472.88
683,Product_683,Home,10630.71
684,Product_684,Electronics,4212.23
685,Product_685,Home,6218.09
686,Product_686,Clothing,14424.11
687,Product_687,Clothing,13310.7
688,Product_688,Sports,19867.76
689,Product_689,Home,6395.97
690,Product_690,Books,5229.62
691,Product_691,Electronics,4408.04
692,Product_692,Home,3216.1
693,Product_693,Home,8398.78
694,Product_694,Electronics,13542.88
695,Product_695,Electronics,13693.84
696,Product_696,Clothing,3255.0
697,Product_697,Beauty,9764.8
698,Product_698,Beauty,10564.95
699,Product_699,Books,17838.39
700,Product_700,Electronics,6654.0
701,Product_701,Books,19397.43
702,Product_702,Clothing,6407.58
703,Product_703,Clothing,8985.09
704,Product_704,Electronics,8954.96
705,Product_705,Electronics,19124.49
706,Product_706,Sports,1352.61
707,Product_707,Home,3905.46
708,Product_708,Books,14993.55
709,Product_709,Clothing,18326.64
710,Product_710,Sports,18484.18
711,Product_711,Clothing,11839.17
712,Product_712,Books,12703.34
713,Product_713,Clothing,12447.74
714,Product_714,Beauty,8463.24
715,Product_715,Home,14979.19
716,Product_716,Beauty,13846.36
717,Product_717,Beauty,2911.52
718,Product_718,Electronics,11790.21
719,Product_719,Books,1854.98
720,Product_720,Clothing,8313.77
721,Product_721,Electronics,5094.17
722,Product_722,Books,17112.69
723,Product_723,Clothing,8229.2
724,Product_724,Beauty,15289.99
725,Product_725,Beauty,13917.26
726,Product_726,Clothing,9611.55
727,Product_727,Beauty,2931.62
728,Product_728,Clothing,572.88
729,Product_729,Electronics,11390.48
730,Product_730,Home,14705.89
731,Product_731,Sports,10011.62
732,Product_732,Electronics,4118.27
733,Product_733,Clothing,15672.67
734,Product_734,Books,14312.95
735,Product_735,Electronics,16575.28
736,Product_736,Beauty,2768.05
737,Product_737,Home,17535.61
738,Product_738,Books,9869.02
739,Product_739,Electronics,4297.03
740,Product_740,Beauty,1794.57
741,Product_741,Clothing,3219.15
742,Product_742,Electronics,19755.85
743,Product_743,Electronics,6458.27
744,Product_744,Electronics,18795.25
745,Product_745,Books,19143.65
746,Product_746,Electronics,12249.41
747,Product_747,Books,8271.91
748,Product_748,Electronics,1230.78
749,Product_749,Books,4329.64
750,Product_750,Sports,8637.37
751,Product_751,Electronics,18984.67
752,Product_752,Electronics,11940.3
753,Product_753,Electronics,5328.97
754,Product_754,Home,17791.61
755,Product_755,Sports,8115.57
756,Product_756,Sports,18728.07
757,Product_757,Sports,3685.25
758,Product_758,Books,15939.21
759,Product_759,Beauty,18282.74
760,Product_760,Sports,15625.28
761,Product_761,Clothing,13342.29
762,Product_762,Beauty,6864.46
763,Product_763,Clothing,17177.67
764,Product_764,Sports,7164.53
765,Product_765,Beauty,17117.9
766,Product_766,Clothing,11954.45
767,Product_767,Books,18577.72
768,Product_768,Sports,10339.74
769,Product_769,Books,5541.98
770,Product_770,Home,9299.09
771,Product_771,Sports,15221.84
772,Product_772,Home,8634.11
773,Product_773,Clothing,18807.59
774,Product_774,Clothing,15631.44
775,Product_775,Electronics,5628.52
776,Product_776,Books,9790.45
777,Product_777,Beauty,13833.56
778,Product_778,Electronics,2353.08
779,Product_779,Clothing,10324.09
780,Product_780,Books,6934.2
781,Product_781,Electronics,15718.43
782,Product_782,Clothing,16376.99
783,Product_783,Beauty,18776.53
784,Product_784,Sports,12389.79
785,Product_785,Books,16960.94
786,Product_786,Home,5230.15
787,Product_787,Books,7892.83
788,Product_788,Books,16576.78
789,Product_789,Books,11932.03
790,Product_790,Beauty,17057.28
791,Product_791,Clothing,19453.5
792,Product_792,Clothing,5747.41
793,Product_793,Beauty,3462.82
794,Product_794,Beauty,7193.13
795,Product_795,Electronics,15349.46
796,Product_796,Electronics,9908.75
797,Product_797,Beauty,1081.96
798,Product_798,Electronics,10716.0
799,Product_799,Home,1004.55
800,Product_800,Clothing,3713.92
801,Product_801,Books,18577.86
802,Product_802,Electronics,17306.62
803,Product_803,Sports,4796.24
804,Product_804,Beauty,13735.01
805,Product_805,Clothing,8096.58
806,Product_806,Electronics,3462.14
807,Product_807,Beauty,4465.44
808,Product_808,Beauty,6365.48
809,Product_809,Electronics,3816.66
810,Product_810,Books,8628.72
811,Product_811,Electronics,3301.39
812,Product_812,Electronics,9163.41
813,Product_813,Beauty,16703.66
814,Product_814,Home,12407.35
815,Product_815,Books,10411.83
816,Product_816,Beauty,17919.14
817,Product_817,Electronics,15886.02
818,Product_818,Home,7401.88
819,Product_819,Books,1534.64
820,Product_820,Clothing,3370.42
821,Product_821,Clothing,7215.09
822,Product_822,Home,19602.65
823,Product_823,Home,8515.22
824,Product_824,Clothing,11311.02
825,Product_825,Books,14203.86
826,Product_826,Beauty,17511.97
827,Product_827,Home,11839.83
828,Product_828,Electronics,10011.0
829,Product_829,Books,17788.48
830,Product_830,Clothing,16680.25
831,Product_831,Beauty,7336.99
832,Product_832,Home,10236.24
833,Product_833,Electronics,18640.92
834,Product_834,Electronics,17475.31
835,Product_835,Sports,11559.77
836,Product_836,Beauty,9948.66
837,Product_837,Sports,8969.89
838,Product_838,Books,19757.11
839,Product_839,Home,6630.59
840,Product_840,Books,1154.1
841,Product_841,Sports,12551.68
842,Product_842,Clothing,1304.52
843,Product_843,Home,10264.15
844,Product_844,Books,15276.8
845,Product_845,Sports,13159.51
846,Product_846,Books,16151.38
847,Product_847,Clothing,8452.01
848,Product_848,Home,9172.74
849,Product_849,Home,2060.27
850,Product_850,Books,11182.08
851,Product_851,Sports,3804.76
852,Product_852,Books,14974.45
853,Product_853,Electronics,12314.55
854,Product_854,Sports,9443.8
855,Product_855,Sports,19599.34
856,Product_856,Clothing,19917.91
857,Product_857,Books,3580.29
858,Product_858,Clothing,14484.71
859,Product_859,Home,9158.8
860,Product_860,Electronics,668.08
861,Product_861,Beauty,17011.47
862,Product_862,Books,4113.45
863,Product_863,Sports,8408.17
864,Product_864,Beauty,9335.38
865,Product_865,Books,2732.32
866,Product_866,Electronics,3319.19
867,Product_867,Electronics,14260.26
868,Product_868,Beauty,11879.66
869,Product_869,Sports,15708.4
870,Product_870,Electronics,1285.2
871,Product_871,Books,7187.5
872,Product_872,Beauty,16101.11
873,Product_873,Books,5351.58
874,Product_874,Clothing,5817.45
875,Product_875,Home,19715.28
876,Product_876,Sports,3333.21
877,Product_877,Sports,12138.36
878,Product_878,Clothing,11505.73
879,Product_879,Beauty,13329.81
880,Product_880,Clothing,3596.48
881,Product_881,Electronics,6573.34
882,Product_882,Clothing,12060.79
883,Product_883,Electronics,6695.69
884,Product_884,Books,13559.16
885,Product_885,Electronics,9556.48
886,Product_886,Clothing,17874.26
887,Product_887,Clothing,19997.02
888,Product_888,Clothing,2108.13
889,Product_889,Books,14372.75
890,Product_890,Sports,15774.87
891,Product_891,Home,8818.52
892,Product_892,Beauty,10399.75
893,Product_893,Sports,11713.14
894,Product_894,Clothing,3992.43
895,Product_895,Electronics,16821.89
896,Product_896,Beauty,2193.66
897,Product_897,Home,3178.66
898,Product_898,Clothing,14232.25
899,Product_899,Books,16197.15
900,Product_900,Sports,1677.02
901,Product_901,Beauty,18103.12
902,Product_902,Clothing,13379.83
903,Product_903,Books,15431.27
904,Product_904,Sports,2630.26
905,Product_905,Clothing,8424.31
906,Product_906,Beauty,6519.1
907,Product_907,Sports,19841.64
908,Product_908,Sports,15878.24
909,Product_909,Home,14265.58
910,Product_910,Electronics,14821.94
911,Product_911,Home,661.45
912,Product_912,Electronics,134.62
913,Product_913,Electronics,2047.84
914,Product_914,Home,5359.19
915,Product_915,Beauty,18360.37
916,Product_916,Sports,12849.29
917,Product_917,Electronics,11833.78
918,Product_918,Sports,965.08
919,Product_919,Home,11539.05
920,Product_920,Books,11082.32
921,Product_921,Books,3646.05
922,Product_922,Books,16805.71
923,Product_923,Beauty,14872.14
924,Product_924,Electronics,1629.89
925,Product_925,Clothing,19929.52
926,Product_926,Home,11086.42
927,Product_927,Books,744.11
928,Product_928,Home,6628.58
929,Product_929,Electronics,11317.65
930,Product_930,Sports,15848.85
931,Product_931,Books,9852.39
932,Product_932,Sports,7515.85
933,Product_933,Beauty,2609.78
934,Product_934,Clothing,8056.86
935,Product_935,Books,18321.16
936,Product_936,Clothing,14727.8
937,Product_937,Books,11810.81
938,Product_938,Home,17313.34
939,Product_939,Home,13507.02
940,Product_940,Sports,8015.64
941,Product_941,Sports,19070.4
942,Product_942,Clothing,2562.26
943,Product_943,Electronics,7565.44
944,Product_944,Beauty,9068.18
945,Product_945,Electronics,18130.52
946,Product_946,Beauty,10696.8
947,Product_947,Beauty,16401.18
948,Product_948,Sports,5205.11
949,Product_949,Sports,1440.42
950,Product_950,Sports,13849.85
951,Product_951,Beauty,1548.45
952,Product_952,Clothing,8476.19
953,Product_953,Electronics,13842.18
954,Product_954,Home,14153.4
955,Product_955,Sports,19618.14
956,Product_956,Electronics,2082.19
957,Product_957,Beauty,4029.02
958,Product_958,Home,10478.85
959,Product_959,Books,6920.67
960,Product_960,Clothing,14593.32
961,Product_961,Home,2381.41
962,Product_962,Home,6618.17
963,Product_963,Clothing,14649.61
964,Product_964,Clothing,3651.4
965,Product_965,Books,8697.73
966,Product_966,Books,9379.63
967,Product_967,Beauty,14442.49
968,Product_968,Home,7427.67
969,Product_969,Electronics,2526.18
970,Product_970,Beauty,14688.69
971,Product_971,Sports,583.05
972,Product_972,Home,16950.49
973,Product_973,Books,2879.87
974,Product_974,Books,14234.36
975,Product_975,Home,7804.75
976,Product_976,Beauty,3959.36
977,Product_977,Books,16356.93
978,Product_978,Clothing,15665.69
979,Product_979,Clothing,7237.32
980,Product_980,Clothing,10256.36
981,Product_981,Books,8180.55
982,Product_982,Books,3686.81
983,Product_983,Clothing,963.66
984,Product_984,Home,3756.74
985,Product_985,Clothing,296.28
986,Product_986,Home,15652.71
987,Product_987,Electronics,18084.94
988,Product_988,Beauty,7146.74
989,Product_989,Home,16838.96
990,Product_990,Books,6522.02
991,Product_991,Electronics,12515.13
992,Product_992,Home,12101.85
993,Product_993,Electronics,3540.38
994,Product_994,Clothing,18849.56
995,Product_995,Sports,8487.67
996,Product_996,Electronics,13931.86
997,Product_997,Books,3891.94
998,Product_998,Beauty,16547.9
999,Product_999,Clothing,17752.54
1000,Product_1000,Sports,7211.0
1001,Product_1001,Books,13603.83
1002,Product_1002,Books,5775.74
1003,Product_1003,Clothing,11916.19
1004,Product_1004,Electronics,8797.01
1005,Product_1005,Sports,10550.36
1006,Product_1006,Sports,11119.59
1007,Product_1007,Clothing,471.94
1008,Product_1008,Sports,18740.12
1009,Product_1009,Electronics,18108.54
1010,Product_1010,Books,6318.66
1011,Product_1011,Home,4000.75
1012,Product_1012,Home,10471.58
1013,Product_1013,Sports,17101.51
1014,Product_1014,Home,16694.01
1015,Product_1015,Home,15744.2
1016,Product_1016,Sports,12351.07
1017,Product_1017,Clothing,10187.79
1018,Product_1018,Books,4484.36
1019,Product_1019,Sports,3535.98
1020,Product_1020,Home,5205.55
1021,Product_1021,Beauty,7227.52
1022,Product_1022,Home,2078.36
1023,Product_1023,Beauty,10858.54
1024,Product_1024,Clothing,11608.7
1025,Product_1025,Clothing,6258.07
1026,Product_1026,Beauty,2606.16
1027,Product_1027,Electronics,1861.46
1028,Product_1028,Sports,19121.66
1029,Product_1029,Electronics,6936.96
1030,Product_1030,Books,3562.44
1031,Product_1031,Sports,6864.39
1032,Product_1032,Electronics,5398.93
1033,Product_1033,Sports,6202.02
1034,Product_1034,Electronics,9511.01
1035,Product_1035,Sports,12282.21
1036,Product_1036,Sports,11815.45
1037,Product_1037,Clothing,8508.63
1038,Product_1038,Books,15076.86
1039,Product_1039,Beauty,12514.17
1040,Product_1040,Books,5080.84
1041,Product_1041,Beauty,9152.38
1042,Product_1042,Electronics,568.46
1043,Product_1043,Beauty,842.78
1044,Product_1044,Beauty,15018.96
1045,Product_1045,Home,5477.84
1046,Product_1046,Books,10659.54
1047,Product_1047,Books,17456.44
1048,Product_1048,Clothing,691.23
1049,Product_1049,Sports,14415.46
1050,Product_1050,Clothing,4244.08
1051,Product_1051,Books,2748.5
1052,Product_1052,Home,11238.17
1053,Product_1053,Books,10322.45
1054,Product_1054,Clothing,11899.6
1055,Product_1055,Clothing,12140.87
1056,Product_1056,Beauty,12642.22
1057,Product_1057,Sports,6127.78
1058,Product_1058,Beauty,17414.62
1059,Product_1059,Beauty,9255.53
1060,Product_1060,Books,10321.27
1061,Product_1061,Beauty,7098.35
1062,Product_1062,Sports,10554.48
1063,Product_1063,Sports,16107.45
1064,Product_1064,Sports,11480.8
1065,Product_1065,Clothing,821.61
1066,Product_1066,Home,14275.18
1067,Product_1067,Electronics,13585.63
1068,Product_1068,Home,14494.68
1069,Product_1069,Books,6725.69
1070,Product_1070,Books,18805.16
1071,Product_1071,Beauty,9000.63
1072,Product_1072,Electronics,17776.43
1073,Product_1073,Sports,7370.83
1074,Product_1074,Sports,16415.05
1075,Product_1075,Beauty,19405.35
1076,Product_1076,Electronics,16324.76
1077,Product_1077,Electronics,1273.19
1078,Product_1078,Sports,623.32
1079,Product_1079,Books,11809.95
1080,Product_1080,Books,14304.11
1081,Product_1081,Electronics,17919.85
1082,Product_1082,Sports,2381.69
1083,Product_1083,Clothing,11969.88
1084,Product_1084,Beauty,16992.04
1085,Product_1085,Books,16655.35
1086,Product_1086,Beauty,19966.23
1087,Product_1087,Clothing,9668.24
1088,Product_1088,Beauty,10489.97
1089,Product_1089,Electronics,19144.03
1090,Product_1090,Home,5935.73
1091,Product_1091,Beauty,19659.32
1092,Product_1092,Clothing,2027.23
1093,Product_1093,Beauty,17765.98
1094,Product_1094,Home,1024.03
1095,Product_1095,Beauty,10139.14
1096,Product_1096,Clothing,8617.84
1097,Product_1097,Books,8144.73
1098,Product_1098,Clothing,8913.33
1099,Product_1099,Clothing,275.1
1100,Product_1100,Clothing,17209.92
1101,Product_1101,Sports,18376.47
1102,Product_1102,Books,4526.61
1103,Product_1103,Beauty,6650.64
1104,Product_1104,Books,8591.46
1105,Product_1105,Sports,18267.43
1106,Product_1106,Clothing,12227.99
1107,Product_1107,Beauty,4826.98
1108,Product_1108,Sports,7772.65
1109,Product_1109,Home,5413.29
1110,Product_1110,Books,12153.14
1111,Product_1111,Beauty,3387.96
1112,Product_1112,Beauty,656.06
1113,Product_1113,Home,1494.87
1114,Product_1114,Books,3342.62
1115,Product_1115,Sports,4204.17
1116,Product_1116,Beauty,18872.05
1117,Product_1117,Home,17963.69
1118,Product_1118,Home,18206.83
1119,Product_1119,Electronics,5432.96
1120,Product_1120,Beauty,5413.24
1121,Product_1121,Beauty,19568.07
1122,Product_1122,Books,18499.76
1123,Product_1123,Books,6887.88
1124,Product_1124,Sports,181.65
1125,Product_1125,Electronics,16561.03
1126,Product_1126,Home,540.86
1127,Product_1127,Home,4147.08
1128,Product_1128,Books,8805.1
1129,Product_1129,Clothing,8900.52
1130,Product_1130,Clothing,9246.03
1131,Product_1131,Books,4214.11
1132,Product_1132,Home,16217.6
1133,Product_1133,Electronics,752.96
1134,Product_1134,Clothing,16672.66
1135,Product_1135,Electronics,12861.12
1136,Product_1136,Sports,11770.69
1137,Product_1137,Electronics,6797.16
1138,Product_1138,Electronics,17073.25
1139,Product_1139,Beauty,4257.62
1140,Product_1140,Clothing,3712.15
1141,Product_1141,Sports,3695.7
1142,Product_1142,Beauty,13946.97
1143,Product_1143,Sports,18462.52
1144,Product_1144,Books,9985.13
1145,Product_1145,Clothing,15826.11
1146,Product_1146,Home,6851.05
1147,Product_1147,Electronics,13224.76
1148,Product_1148,Books,3744.13
1149,Product_1149,Clothing,4752.5
1150,Product_1150,Books,10969.19
1151,Product_1151,Electronics,18732.82
1152,Product_1152,Sports,16811.54
1153,Product_1153,Books,10146.99
1154,Product_1154,Books,10916.93
1155,Product_1155,Clothing,6380.12
1156,Product_1156,Sports,10668.57
1157,Product_1157,Home,10703.2
1158,Product_1158,Electronics,655.93
1159,Product_1159,Electronics,9391.02
1160,Product_1160,Electronics,18081.34
1161,Product_1161,Clothing,1842.34
1162,Product_1162,Home,9980.02
1163,Product_1163,Electronics,1347.62
1164,Product_1164,Beauty,8149.16
1165,Product_1165,Clothing,2406.67
1166,Product_1166,Home,2155.66
1167,Product_1167,Electronics,12760.34
1168,Product_1168,Sports,9343.71
1169,Product_1169,Books,12475.95
1170,Product_1170,Sports,7827.44
1171,Product_1171,Books,4493.76
1172,Product_1172,Home,2872.23
1173,Product_1173,Books,5459.41
1174,Product_1174,Clothing,18041.47
1175,Product_1175,Electronics,11373.36
1176,Product_1176,Electronics,18447.82
1177,Product_1177,Electronics,5698.19
1178,Product_1178,Clothing,9009.85
1179,Product_1179,Books,10996.49
1180,Product_1180,Electronics,14775.62
1181,Product_1181,Clothing,14125.1
1182,Product_1182,Home,11728.23
1183,Product_1183,Sports,19765.84
1184,Product_1184,Beauty,18196.37
1185,Product_1185,Home,2303.99
1186,Product_1186,Electronics,7824.05
1187,Product_1187,Clothing,6206.61
1188,Product_1188,Electronics,19213.19
1189,Product_1189,Clothing,18108.27
1190,Product_1190,Sports,9737.75
1191,Product_1191,Beauty,19401.02
1192,Product_1192,Books,4936.31
1193,Product_1193,Electronics,2355.88
1194,Product_1194,Sports,7137.43
1195,Product_1195,Beauty,13139.21
1196,Product_1196,Home,2336.76
1197,Product_1197,Electronics,11138.41
1198,Product_1198,Clothing,590.54
1199,Product_1199,Beauty,8744.05
1200,Product_1200,Electronics,4351.1
1201,Product_1201,Home,10041.02
1202,Product_1202,Books,6455.99
1203,Product_1203,Books,17654.47
1204,Product_1204,Home,7855.93
1205,Product_1205,Sports,964.8
1206,Product_1206,Sports,17511.14
1207,Product_1207,Sports,6455.0
1208,Product_1208,Books,8355.01
1209,Product_1209,Clothing,19028.04
1210,Product_1210,Sports,8402.77
1211,Product_1211,Beauty,13674.17
1212,Product_1212,Sports,10440.17
1213,Product_1213,Sports,7263.9
1214,Product_1214,Sports,10388.02
1215,Product_1215,Beauty,7889.77
1216,Product_1216,Books,4831.8
1217,Product_1217,Clothing,2748.11
1218,Product_1218,Electronics,19779.56
1219,Product_1219,Home,14857.65
1220,Product_1220,Clothing,2822.6
1221,Product_1221,Books,12332.38
1222,Product_1222,Home,5448.11
1223,Product_1223,Home,12220.84
1224,Product_1224,Sports,10065.97
1225,Product_1225,Clothing,13220.81
1226,Product_1226,Clothing,6582.44
1227,Product_1227,Beauty,8144.36
1228,Product_1228,Books,17179.05
1229,Product_1229,Beauty,18085.77
1230,Product_1230,Sports,2170.09
1231,Product_1231,Electronics,19284.34
1232,Product_1232,Sports,2017.51
1233,Product_1233,Beauty,10680.51
1234,Product_1234,Beauty,5250.79
1235,Product_1235,Electronics,6526.16
1236,Product_1236,Sports,4478.4
1237,Product_1237,Books,8348.45
1238,Product_1238,Sports,10526.06
1239,Product_1239,Electronics,4227.45
1240,Product_1240,Home,3544.12
1241,Product_1241,Clothing,4696.15
1242,Product_1242,Home,17046.77
1243,Product_1243,Electronics,15441.91
1244,Product_1244,Clothing,5970.06
1245,Product_1245,Beauty,18254.13
1246,Product_1246,Beauty,16816.19
1247,Product_1247,Beauty,10096.15
1248,Product_1248,Clothing,7150.23
1249,Product_1249,Sports,13369.54
1250,Product_1250,Beauty,11050.59
1251,Product_1251,Sports,11261.44
1252,Product_1252,Clothing,11247.95
1253,Product_1253,Electronics,6098.45
1254,Product_1254,Clothing,4427.13
1255,Product_1255,Home,14383.36
1256,Product_1256,Home,19377.51
1257,Product_1257,Electronics,5302.05
1258,Product_1258,Sports,13395.75
1259,Product_1259,Sports,7921.25
1260,Product_1260,Electronics,6302.13
1261,Product_1261,Beauty,7948.79
1262,Product_1262,Clothing,7706.51
1263,Product_1263,Sports,5480.18
1264,Product_1264,Sports,1900.55
1265,Product_1265,Beauty,10085.28
1266,Product_1266,Clothing,17077.09
1267,Product_1267,Beauty,19389.56
1268,Product_1268,Home,3991.68
1269,Product_1269,Home,988.28
1270,Product_1270,Books,6508.23
1271,Product_1271,Electronics,8737.19
1272,Product_1272,Sports,18168.3
1273,Product_1273,Books,16499.67
1274,Product_1274,Sports,11279.78
1275,Product_1275,Beauty,513.61
1276,Product_1276,Beauty,11190.63
1277,Product_1277,Electronics,7330.46
1278,Product_1278,Books,14290.21
1279,Product_1279,Books,218.34
1280,Product_1280,Home,9302.56
1281,Product_1281,Clothing,3616.01
1282,Product_1282,Books,19943.73
1283,Product_1283,Books,18603.96
1284,Product_1284,Clothing,15961.28
1285,Product_1285,Beauty,18450.2
1286,Product_1286,Beauty,5913.68
1287,Product_1287,Home,11745.25
1288,Product_1288,Beauty,7237.57
1289,Product_1289,Home,15084.38
1290,Product_1290,Beauty,15013.64
1291,Product_1291,Books,17259.29
1292,Product_1292,Clothing,3799.29
1293,Product_1293,Books,1966.39
1294,Product_1294,Beauty,11435.46
1295,Product_1295,Clothing,6399.51
1296,Product_1296,Electronics,12678.58
1297,Product_1297,Sports,8471.6
1298,Product_1298,Clothing,10079.37
1299,Product_1299,Clothing,3028.72
1300,Product_1300,Clothing,17403.74
1301,Product_1301,Beauty,2785.48
1302,Product_1302,Home,7250.74
1303,Product_1303,Beauty,15718.0
1304,Product_1304,Home,17820.05
1305,Product_1305,Home,16872.44
1306,Product_1306,Clothing,15749.5
1307,Product_1307,Electronics,3901.38
1308,Product_1308,Home,18427.11
1309,Product_1309,Beauty,13289.95
1310,Product_1310,Sports,14169.92
1311,Product_1311,Electronics,13150.74
1312,Product_1312,Home,7080.56
1313,Product_1313,Sports,3873.6
1314,Product_1314,Electronics,5695.6
1315,Product_1315,Clothing,13324.94
1316,Product_1316,Electronics,3362.69
1317,Product_1317,Home,2395.14
1318,Product_1318,Beauty,1963.56
1319,Product_1319,Home,14192.55
1320,Product_1320,Sports,12974.13
1321,Product_1321,Sports,5179.8
1322,Product_1322,Sports,5111.34
1323,Product_1323,Beauty,7521.23
1324,Product_1324,Sports,7810.2
1325,Product_1325,Electronics,9246.39
1326,Product_1326,Books,8304.47
1327,Product_1327,Electronics,11949.54
1328,Product_1328,Sports,6473.77
1329,Product_1329,Sports,14034.85
1330,Product_1330,Electronics,4138.43
1331,Product_1331,Electronics,10395.79
1332,Product_1332,Books,12653.69
1333,Product_1333,Books,12028.89
1334,Product_1334,Sports,5989.43
1335,Product_1335,Electronics,9090.55
1336,Product_1336,Home,5334.26
1337,Product_1337,Clothing,14160.41
1338,Product_1338,Home,3246.68
1339,Product_1339,Clothing,8616.49
1340,Product_1340,Beauty,19725.14
1341,Product_1341,Clothing,13640.67
1342,Product_1342,Books,5115.21
1343,Product_1343,Home,6209.25
1344,Product_1344,Electronics,13113.72
1345,Product_1345,Electronics,17000.5
1346,Product_1346,Clothing,5837.81
1347,Product_1347,Electronics,3747.38
1348,Product_1348,Sports,16124.33
1349,Product_1349,Sports,3269.12
1350,Product_1350,Electronics,9971.07
1351,Product_1351,Home,6641.9
1352,Product_1352,Clothing,2909.25
1353,Product_1353,Sports,9830.15
1354,Product_1354,Electronics,18808.48
1355,Product_1355,Sports,887.28
1356,Product_1356,Home,1931.78
1357,Product_1357,Electronics,9290.08
1358,Product_1358,Books,19969.23
1359,Product_1359,Beauty,13480.77
1360,Product_1360,Clothing,6052.37
1361,Product_1361,Home,15602.64
1362,Product_1362,Beauty,12520.17
1363,Product_1363,Beauty,10804.21
1364,Product_1364,Beauty,19748.42
1365,Product_1365,Beauty,7479.11
1366,Product_1366,Books,15266.93
1367,Product_1367,Sports,18133.39
1368,Product_1368,Sports,19451.47
1369,Product_1369,Beauty,11421.52
1370,Product_1370,Electronics,15227.37
1371,Product_1371,Books,4668.84
1372,Product_1372,Sports,4963.84
1373,Product_1373,Sports,15826.68
1374,Product_1374,Books,4833.57
1375,Product_1375,Books,4004.49
1376,Product_1376,Beauty,3801.4
1377,Product_1377,Clothing,17773.47
1378,Product_1378,Sports,6059.47
1379,Product_1379,Home,13359.51
1380,Product_1380,Books,4596.09
1381,Product_1381,Clothing,5615.76
1382,Product_1382,Home,19229.67
1383,Product_1383,Electronics,19095.06
1384,Product_1384,Sports,8817.14
1385,Product_1385,Electronics,512.14
1386,Product_1386,Home,9960.37
1387,Product_1387,Sports,19690.84
1388,Product_1388,Electronics,6769.97
1389,Product_1389,Clothing,7005.21
1390,Product_1390,Sports,7668.72
1391,Product_1391,Sports,13814.48
1392,Product_1392,Beauty,6395.82
1393,Product_1393,Beauty,19240.16
1394,Product_1394,Clothing,14205.54
1395,Product_1395,Books,3003.98
1396,Product_1396,Home,11807.86
1397,Product_1397,Beauty,6815.25
1398,Product_1398,Electronics,5056.76
1399,Product_1399,Sports,9029.05
1400,Product_1400,Sports,9893.92
1401,Product_1401,Clothing,3852.15
1402,Product_1402,Clothing,4900.09
1403,Product_1403,Books,12826.66
1404,Product_1404,Sports,611.19
1405,Product_1405,Electronics,12905.85
1406,Product_1406,Home,2854.44
1407,Product_1407,Clothing,13646.75
1408,Product_1408,Electronics,12294.21
1409,Product_1409,Home,16656.55
1410,Product_1410,Sports,9262.11
1411,Product_1411,Sports,1056.59
1412,Product_1412,Home,11215.62
1413,Product_1413,Electronics,12552.62
1414,Product_1414,Beauty,19998.28
1415,Product_1415,Clothing,16456.97
1416,Product_1416,Home,19592.19
1417,Product_1417,Beauty,560.83
1418,Product_1418,Books,14138.23
1419,Product_1419,Electronics,7116.89
1420,Product_1420,Sports,13482.06
1421,Product_1421,Books,19450.13
1422,Product_1422,Books,19144.23
1423,Product_1423,Books,12380.25
1424,Product_1424,Sports,19042.82
1425,Product_1425,Beauty,16824.47
1426,Product_1426,Clothing,1951.73
1427,Product_1427,Electronics,16376.65
1428,Product_1428,Beauty,14694.46
1429,Product_1429,Sports,11757.96
1430,Product_1430,Home,4644.05
1431,Product_1431,Sports,8004.21
1432,Product_1432,Clothing,113.36
1433,Product_1433,Electronics,4409.83
1434,Product_1434,Books,4807.33
1435,Product_1435,Electronics,3505.33
1436,Product_1436,Clothing,4236.13
1437,Product_1437,Clothing,15661.24
1438,Product_1438,Clothing,15838.39
1439,Product_1439,Beauty,18793.97
1440,Product_1440,Electronics,378.43
1441,Product_1441,Home,17202.08
1442,Product_1442,Sports,2874.43
1443,Product_1443,Beauty,19682.65
1444,Product_1444,Electronics,11358.73
1445,Product_1445,Electronics,5867.27
1446,Product_1446,Books,7781.6
1447,Product_1447,Sports,7257.97
1448,Product_1448,Home,18544.53
1449,Product_1449,Sports,11962.57
1450,Product_1450,Sports,9702.35
1451,Product_1451,Beauty,3701.31
1452,Product_1452,Home,18424.34
1453,Product_1453,Clothing,3421.98
1454,Product_1454,Electronics,10570.87
1455,Product_1455,Electronics,7884.41
1456,Product_1456,Home,4156.56
1457,Product_1457,Sports,13713.25
1458,Product_1458,Home,3191.09
1459,Product_1459,Books,1569.24
1460,Product_1460,Beauty,8777.23
1461,Product_1461,Books,11787.82
1462,Product_1462,Books,16603.15
1463,Product_1463,Clothing,8166.37
1464,Product_1464,Beauty,14136.46
1465,Product_1465,Beauty,6916.67
1466,Product_1466,Sports,5383.08
1467,Product_1467,Home,8092.29
1468,Product_1468,Beauty,12048.06
1469,Product_1469,Beauty,3793.69
1470,Product_1470,Home,7327.09
1471,Product_1471,Electronics,3536.35
1472,Product_1472,Home,1952.46
1473,Product_1473,Sports,18538.35
1474,Product_1474,Beauty,8465.3
1475,Product_1475,Clothing,13992.16
1476,Product_1476,Home,12722.67
1477,Product_1477,Books,4278.2
1478,Product_1478,Sports,5327.28
1479,Product_1479,Books,7576.28
1480,Product_1480,Home,14488.35
1481,Product_1481,Clothing,974.7
1482,Product_1482,Sports,2208.49
1483,Product_1483,Clothing,18730.08
1484,Product_1484,Electronics,15379.57
1485,Product_1485,Beauty,3665.63
1486,Product_1486,Sports,17836.96
1487,Product_1487,Electronics,2179.08
1488,Product_1488,Beauty,3889.58
1489,Product_1489,Home,189.46
1490,Product_1490,Home,9374.44
1491,Product_1491,Sports,19454.47
1492,Product_1492,Home,10580.21
1493,Product_1493,Clothing,8844.85
1494,Product_1494,Beauty,15234.66
1495,Product_1495,Beauty,17458.47
1496,Product_1496,Books,18576.36
1497,Product_1497,Sports,1268.33
1498,Product_1498,Sports,7301.76
1499,Product_1499,Home,3146.05
1500,Product_1500,Clothing,17156.95
1501,Product_1501,Beauty,2930.17
1502,Product_1502,Clothing,10607.93
1503,Product_1503,Books,17886.3
1504,Product_1504,Sports,5200.5
1505,Product_1505,Books,2783.3
1506,Product_1506,Beauty,3655.81
1507,Product_1507,Books,9007.15
1508,Product_1508,Electronics,2309.92
1509,Product_1509,Home,6623.77
1510,Product_1510,Clothing,14856.67
1511,Product_1511,Clothing,16577.16
1512,Product_1512,Electronics,15718.53
1513,Product_1513,Books,6586.19
1514,Product_1514,Beauty,13315.36
1515,Product_1515,Electronics,13272.0
1516,Product_1516,Beauty,19736.96
1517,Product_1517,Home,6981.92
1518,Product_1518,Beauty,17249.02
1519,Product_1519,Electronics,16386.87
1520,Product_1520,Clothing,17794.99
1521,Product_1521,Home,16404.86
1522,Product_1522,Electronics,14984.01
1523,Product_1523,Sports,19489.54
1524,Product_1524,Beauty,14146.54
1525,Product_1525,Electronics,15539.07
1526,Product_1526,Home,385.94
1527,Product_1527,Sports,6547.48
1528,Product_1528,Electronics,16383.94
1529,Product_1529,Clothing,18884.24
1530,Product_1530,Electronics,8589.55
1531,Product_1531,Books,13501.94
1532,Product_1532,Beauty,1123.82
1533,Product_1533,Electronics,17127.74
1534,Product_1534,Sports,19617.32
1535,Product_1535,Books,6549.12
1536,Product_1536,Beauty,19729.51
1537,Product_1537,Electronics,6878.43
1538,Product_1538,Beauty,2653.6
1539,Product_1539,Beauty,8648.57
1540,Product_1540,Electronics,10442.8
1541,Product_1541,Home,1448.02
1542,Product_1542,Sports,18516.33
1543,Product_1543,Clothing,6065.84
1544,Product_1544,Sports,2205.37
1545,Product_1545,Electronics,16949.4
1546,Product_1546,Books,2131.12
1547,Product_1547,Electronics,6148.63
1548,Product_1548,Clothing,19850.21
1549,Product_1549,Home,17519.34
1550,Product_1550,Clothing,9059.99
1551,Product_1551,Sports,10411.17
1552,Product_1552,Books,7180.85
1553,Product_1553,Electronics,9431.12
1554,Product_1554,Clothing,6507.55
1555,Product_1555,Sports,7822.5
1556,Product_1556,Sports,12250.45
1557,Product_1557,Books,15821.42
1558,Product_1558,Beauty,17688.56
1559,Product_1559,Beauty,6109.85
1560,Product_1560,Beauty,6229.05
1561,Product_1561,Home,6374.21
1562,Product_1562,Sports,13309.08
1563,Product_1563,Electronics,5789.97
1564,Product_1564,Electronics,19680.98
1565,Product_1565,Beauty,6210.04
1566,Product_1566,Beauty,1518.78
1567,Product_1567,Electronics,13755.71
1568,Product_1568,Electronics,8183.14
1569,Product_1569,Beauty,16208.49
1570,Product_1570,Clothing,11751.67
1571,Product_1571,Books,16001.59
1572,Product_1572,Books,14321.24
1573,Product_1573,Beauty,1485.97
1574,Product_1574,Books,11456.87
1575,Product_1575,Home,14478.77
1576,Product_1576,Sports,10919.87
1577,Product_1577,Electronics,17270.14
1578,Product_1578,Clothing,18436.97
1579,Product_1579,Clothing,13585.86
1580,Product_1580,Home,1597.29
1581,Product_1581,Sports,5536.37
1582,Product_1582,Beauty,2799.43
1583,Product_1583,Sports,2949.25
1584,Product_1584,Electronics,5557.73
1585,Product_1585,Books,4066.5
1586,Product_1586,Beauty,16254.28
1587,Product_1587,Sports,14814.04
1588,Product_1588,Books,9441.19
1589,Product_1589,Home,7827.36
1590,Product_1590,Clothing,7578.07
1591,Product_1591,Beauty,11775.82
1592,Product_1592,Beauty,7145.1
1593,Product_1593,Clothing,19503.84
1594,Product_1594,Electronics,6656.1
1595,Product_1595,Beauty,12099.5
1596,Product_1596,Electronics,9849.48
1597,Product_1597,Beauty,14336.06
1598,Product_1598,Books,19023.29
1599,Product_1599,Books,7253.93
1600,Product_1600,Clothing,8071.82
1601,Product_1601,Home,7303.59
1602,Product_1602,Sports,8960.0
1603,Product_1603,Sports,3257.07
1604,Product_1604,Electronics,15240.65
1605,Product_1605,Beauty,15712.24
1606,Product_1606,Clothing,1559.19
1607,Product_1607,Home,2232.67
1608,Product_1608,Books,10300.04
1609,Product_1609,Beauty,2043.94
1610,Product_1610,Sports,7531.42
1611,Product_1611,Beauty,16698.52
1612,Product_1612,Sports,13467.23
1613,Product_1613,Home,12802.34
1614,Product_1614,Books,12906.15
1615,Product_1615,Sports,2446.97
1616,Product_1616,Sports,12198.96
1617,Product_1617,Sports,12243.34
1618,Product_1618,Electronics,14812.55
1619,Product_1619,Books,14054.56
1620,Product_1620,Home,2617.54
1621,Product_1621,Books,18184.12
1622,Product_1622,Electronics,9248.1
1623,Product_1623,Beauty,10879.45
1624,Product_1624,Sports,8951.83
1625,Product_1625,Books,14351.41
1626,Product_1626,Clothing,6395.44
1627,Product_1627,Home,2201.42
1628,Product_1628,Sports,6641.96
1629,Product_1629,Electronics,16409.04
1630,Product_1630,Electronics,15979.49
1631,Product_1631,Home,13740.24
1632,Product_1632,Home,16589.93
1633,Product_1633,Home,14297.56
1634,Product_1634,Beauty,14349.11
1635,Product_1635,Sports,4037.86
1636,Product_1636,Beauty,2298.81
1637,Product_1637,Sports,3569.07
1638,Product_1638,Home,5963.16
1639,Product_1639,Clothing,18079.56
1640,Product_1640,Sports,14493.13
1641,Product_1641,Clothing,2816.71
1642,Product_1642,Beauty,5961.28
1643,Product_1643,Clothing,5382.96
1644,Product_1644,Electronics,307.13
1645,Product_1645,Electronics,7688.66
1646,Product_1646,Clothing,10457.17
1647,Product_1647,Clothing,6392.94
1648,Product_1648,Electronics,1876.7
1649,Product_1649,Home,2820.79
1650,Product_1650,Electronics,11095.27
1651,Product_1651,Sports,16489.44
1652,Product_1652,Beauty,15811.16
1653,Product_1653,Electronics,16561.34
1654,Product_1654,Sports,19138.75
1655,Product_1655,Beauty,3265.83
1656,Product_1656,Clothing,18156.73
1657,Product_1657,Books,5767.84
1658,Product_1658,Electronics,11306.75
1659,Product_1659,Home,14240.23
1660,Product_1660,Electronics,18107.08
1661,Product_1661,Books,11387.64
1662,Product_1662,Home,4131.3
1663,Product_1663,Beauty,1249.51
1664,Product_1664,Books,2109.95
1665,Product_1665,Sports,9657.66
1666,Product_1666,Clothing,2454.14
1667,Product_1667,Sports,10520.61
1668,Product_1668,Electronics,19410.48
1669,Product_1669,Sports,12269.08
1670,Product_1670,Home,10732.95
1671,Product_1671,Home,13081.09
1672,Product_1672,Electronics,5757.47
1673,Product_1673,Home,5505.71
1674,Product_1674,Electronics,6068.32
1675,Product_1675,Home,5296.75
1676,Product_1676,Electronics,6835.47
1677,Product_1677,Clothing,5784.41
1678,Product_1678,Clothing,4801.84
1679,Product_1679,Home,1161.62
1680,Product_1680,Home,12319.97
1681,Product_1681,Beauty,9526.3
1682,Product_1682,Electronics,19026.17
1683,Product_1683,Electronics,4802.28
1684,Product_1684,Sports,16252.96
1685,Product_1685,Electronics,8155.77
1686,Product_1686,Sports,14249.89
1687,Product_1687,Beauty,10192.48
1688,Product_1688,Home,2007.57
1689,Product_1689,Electronics,14648.78
1690,Product_1690,Sports,1266.87
1691,Product_1691,Sports,4437.26
1692,Product_1692,Clothing,10040.45
1693,Product_1693,Electronics,1471.84
1694,Product_1694,Books,7405.34
1695,Product_1695,Clothing,13597.15
1696,Product_1696,Books,19990.44
1697,Product_1697,Electronics,9156.3
1698,Product_1698,Electronics,4569.93
1699,Product_1699,Sports,19338.96
1700,Product_1700,Home,19425.05
1701,Product_1701,Clothing,9503.63
1702,Product_1702,Books,2702.23
1703,Product_1703,Electronics,19277.2
1704,Product_1704,Books,13361.03
1705,Product_1705,Clothing,16152.5
1706,Product_1706,Electronics,4578.62
1707,Product_1707,Beauty,9128.39
1708,Product_1708,Sports,724.11
1709,Product_1709,Sports,8937.92
1710,Product_1710,Books,16022.64
1711,Product_1711,Home,19764.23
1712,Product_1712,Books,8626.11
1713,Product_1713,Beauty,4947.18
1714,Product_1714,Electronics,18130.28
1715,Product_1715,Books,7392.66
1716,Product_1716,Electronics,1478.34
1717,Product_1717,Home,12693.83
1718,Product_1718,Clothing,15425.0
1719,Product_1719,Home,16072.03
1720,Product_1720,Electronics,15491.43
1721,Product_1721,Sports,1918.4
1722,Product_1722,Sports,18102.77
1723,Product_1723,Electronics,12249.48
1724,Product_1724,Clothing,9373.39
1725,Product_1725,Beauty,12032.15
1726,Product_1726,Books,11443.89
1727,Product_1727,Electronics,16525.0
1728,Product_1728,Beauty,14990.75
1729,Product_1729,Clothing,6679.86
1730,Product_1730,Clothing,9837.71
1731,Product_1731,Beauty,17969.32
1732,Product_1732,Sports,17326.87
1733,Product_1733,Sports,2477.27
1734,Product_1734,Books,5741.07
1735,Product_1735,Books,15891.98
1736,Product_1736,Electronics,6691.39
1737,Product_1737,Books,8822.62
1738,Product_1738,Clothing,12890.03
1739,Product_1739,Beauty,8558.65
1740,Product_1740,Clothing,1665.15
1741,Product_1741,Books,11810.98
1742,Product_1742,Electronics,6308.72
1743,Product_1743,Sports,15928.64
1744,Product_1744,Sports,17923.19
1745,Product_1745,Beauty,18251.59
1746,Product_1746,Clothing,14327.03
1747,Product_1747,Beauty,8434.83
1748,Product_1748,Books,19542.34
1749,Product_1749,Clothing,3256.92
1750,Product_1750,Clothing,12609.59
1751,Product_1751,Sports,11644.62
1752,Product_1752,Clothing,13340.09
1753,Product_1753,Beauty,7704.43
1754,Product_1754,Books,13351.07
1755,Product_1755,Books,15941.84
1756,Product_1756,Home,6641.6
1757,Product_1757,Home,13291.83
1758,Product_1758,Books,9592.45
1759,Product_1759,Clothing,13199.37
1760,Product_1760,Clothing,1808.86
1761,Product_1761,Beauty,12445.63
1762,Product_1762,Electronics,9051.03
1763,Product_1763,Electronics,2177.25
1764,Product_1764,Sports,13794.68
1765,Product_1765,Clothing,16225.75
1766,Product_1766,Clothing,3570.81
1767,Product_1767,Home,5695.58
1768,Product_1768,Books,1388.74
1769,Product_1769,Home,937.4
1770,Product_1770,Home,4891.32
1771,Product_1771,Books,12707.61
1772,Product_1772,Books,615.61
1773,Product_1773,Sports,16363.61
1774,Product_1774,Home,11313.81
1775,Product_1775,Home,15682.12
1776,Product_1776,Home,1836.55
1777,Product_1777,Books,8984.72
1778,Product_1778,Home,8620.43
1779,Product_1779,Beauty,10797.76
1780,Product_1780,Home,9426.34
1781,Product_1781,Electronics,18807.89
1782,Product_1782,Books,19049.52
1783,Product_1783,Beauty,8040.61
1784,Product_1784,Electronics,18716.82
1785,Product_1785,Books,2570.22
1786,Product_1786,Sports,13064.28
1787,Product_1787,Clothing,14598.64
1788,Product_1788,Electronics,15007.04
1789,Product_1789,Sports,1839.18
1790,Product_1790,Sports,17118.09
1791,Product_1791,Books,2938.89
1792,Product_1792,Electronics,19207.56
1793,Product_1793,Electronics,19026.78
1794,Product_1794,Books,17903.18
1795,Product_1795,Sports,6033.2
1796,Product_1796,Sports,10980.6
1797,Product_1797,Sports,5856.41
1798,Product_1798,Electronics,12987.35
1799,Product_1799,Books,6866.29
1800,Product_1800,Sports,4593.28
1801,Product_1801,Home,4172.51
1802,Product_1802,Sports,15203.6
1803,Product_1803,Sports,13857.79
1804,Product_1804,Sports,13144.6
1805,Product_1805,Sports,3435.48
1806,Product_1806,Clothing,11582.41
1807,Product_1807,Beauty,18213.02
1808,Product_1808,Beauty,5339.39
1809,Product_1809,Beauty,19474.7
1810,Product_1810,Clothing,9619.34
1811,Product_1811,Books,450.41
1812,Product_1812,Clothing,19064.15
1813,Product_1813,Beauty,16459.03
1814,Product_1814,Electronics,4556.52
1815,Product_1815,Sports,16581.04
1816,Product_1816,Beauty,12021.5
1817,Product_1817,Clothing,19043.94
1818,Product_1818,Books,979.48
1819,Product_1819,Electronics,4998.68
1820,Product_1820,Books,7288.12
1821,Product_1821,Home,11505.27
1822,Product_1822,Clothing,2192.6
1823,Product_1823,Beauty,19342.95
1824,Product_1824,Home,12490.93
1825,Product_1825,Electronics,4146.11
1826,Product_1826,Clothing,8838.19
1827,Product_1827,Home,985.83
1828,Product_1828,Sports,18840.41
1829,Product_1829,Beauty,5644.78
1830,Product_1830,Books,9294.74
1831,Product_1831,Electronics,14089.25
1832,Product_1832,Sports,13932.57
1833,Product_1833,Beauty,13079.69
1834,Product_1834,Sports,13407.61
1835,Product_1835,Sports,19954.26
1836,Product_1836,Beauty,794.68
1837,Product_1837,Electronics,15329.21
1838,Product_1838,Home,9249.74
1839,Product_1839,Books,2094.29
1840,Product_1840,Home,3088.52
1841,Product_1841,Sports,17219.49
1842,Product_1842,Sports,14529.51
1843,Product_1843,Sports,434.24
1844,Product_1844,Clothing,12940.74
1845,Product_1845,Sports,19712.2
1846,Product_1846,Home,16623.36
1847,Product_1847,Beauty,15974.19
1848,Product_1848,Books,8827.5
1849,Product_1849,Clothing,19626.22
1850,Product_1850,Books,15534.16
1851,Product_1851,Home,13020.9
1852,Product_1852,Beauty,9090.24
1853,Product_1853,Home,13753.99
1854,Product_1854,Beauty,15934.65
1855,Product_1855,Books,16609.19
1856,Product_1856,Clothing,5026.08
1857,Product_1857,Sports,3368.92
1858,Product_1858,Books,12849.24
1859,Product_1859,Sports,18720.47
1860,Product_1860,Beauty,2550.26
1861,Product_1861,Books,17932.28
1862,Product_1862,Beauty,14571.78
1863,Product_1863,Sports,4477.61
1864,Product_1864,Clothing,11981.02
1865,Product_1865,Beauty,18467.97
1866,Product_1866,Home,17100.74
1867,Product_1867,Books,16672.01
1868,Product_1868,Books,9756.33
1869,Product_1869,Beauty,7920.33
1870,Product_1870,Electronics,11092.57
1871,Product_1871,Electronics,12311.74
1872,Product_1872,Clothing,8166.3
1873,Product_1873,Books,19943.11
1874,Product_1874,Sports,2749.55
1875,Product_1875,Beauty,7976.97
1876,Product_1876,Beauty,894.75
1877,Product_1877,Books,331.13
1878,Product_1878,Home,635.52
1879,Product_1879,Electronics,17974.18
1880,Product_1880,Electronics,1156.02
1881,Product_1881,Home,13568.59
1882,Product_1882,Clothing,18084.61
1883,Product_1883,Electronics,19750.98
1884,Product_1884,Beauty,10633.02
1885,Product_1885,Beauty,1401.43
1886,Product_1886,Beauty,14346.97
1887,Product_1887,Electronics,1484.03
1888,Product_1888,Beauty,7245.11
1889,Product_1889,Home,6887.68
1890,Product_1890,Home,12969.65
1891,Product_1891,Beauty,8208.61
1892,Product_1892,Electronics,17844.7
1893,Product_1893,Electronics,241.67
1894,Product_1894,Sports,13943.22
1895,Product_1895,Books,112.63
1896,Product_1896,Sports,12071.48
1897,Product_1897,Books,5333.15
1898,Product_1898,Books,12895.56
1899,Product_1899,Home,4440.33
1900,Product_1900,Sports,5542.55
1901,Product_1901,Beauty,15789.63
1902,Product_1902,Sports,16335.58
1903,Product_1903,Beauty,8622.29
1904,Product_1904,Home,18756.55
1905,Product_1905,Books,15970.16
1906,Product_1906,Books,1568.95
1907,Product_1907,Home,13488.02
1908,Product_1908,Beauty,7683.31
1909,Product_1909,Beauty,8094.31
1910,Product_1910,Sports,14681.95
1911,Product_1911,Clothing,19729.98
1912,Product_1912,Clothing,5945.85
1913,Product_1913,Beauty,5335.24
1914,Product_1914,Books,8689.68
1915,Product_1915,Home,14933.51
1916,Product_1916,Electronics,9232.11
1917,Product_1917,Clothing,11112.26
1918,Product_1918,Books,4220.58
1919,Product_1919,Clothing,130.81
1920,Product_1920,Clothing,2935.68
1921,Product_1921,Sports,6229.96
1922,Product_1922,Beauty,2495.2
1923,Product_1923,Books,17567.06
1924,Product_1924,Electronics,7353.06
1925,Product_1925,Books,3812.48
1926,Product_1926,Books,2268.26
1927,Product_1927,Books,7909.98
1928,Product_1928,Beauty,6592.46
1929,Product_1929,Home,9692.52
1930,Product_1930,Beauty,12486.57
1931,Product_1931,Home,2500.33
1932,Product_1932,Books,11899.74
1933,Product_1933,Electronics,18507.29
1934,Product_1934,Beauty,3404.57
1935,Product_1935,Sports,8576.76
1936,Product_1936,Clothing,12606.82
1937,Product_1937,Electronics,11297.34
1938,Product_1938,Beauty,14381.87
1939,Product_1939,Clothing,9747.3
1940,Product_1940,Clothing,10509.05
1941,Product_1941,Electronics,13161.08
1942,Product_1942,Sports,11288.18
1943,Product_1943,Clothing,6227.08
1944,Product_1944,Home,5367.54
1945,Product_1945,Books,8763.07
1946,Product_1946,Home,2980.16
1947,Product_1947,Clothing,13193.3
1948,Product_1948,Sports,11719.21
1949,Product_1949,Home,609.11
1950,Product_1950,Sports,11409.38
1951,Product_1951,Electronics,7034.37
1952,Product_1952,Beauty,4968.42
1953,Product_1953,Electronics,19563.21
1954,Product_1954,Electronics,12106.93
1955,Product_1955,Beauty,2458.96
1956,Product_1956,Clothing,10006.86
1957,Product_1957,Home,13817.88
1958,Product_1958,Beauty,1562.7
1959,Product_1959,Home,11953.97
1960,Product_1960,Clothing,7246.19
1961,Product_1961,Sports,6992.21
1962,Product_1962,Clothing,8630.32
1963,Product_1963,Home,3869.9
1964,Product_1964,Clothing,7916.46
1965,Product_1965,Electronics,7131.56
1966,Product_1966,Beauty,6054.06
1967,Product_1967,Electronics,16113.41
1968,Product_1968,Clothing,10875.08
1969,Product_1969,Beauty,746.68
1970,Product_1970,Electronics,19183.58
1971,Product_1971,Electronics,6227.62
1972,Product_1972,Beauty,3557.99
1973,Product_1973,Electronics,7959.85
1974,Product_1974,Books,15473.11
1975,Product_1975,Clothing,10346.8
1976,Product_1976,Sports,794.27
1977,Product_1977,Beauty,1537.1
1978,Product_1978,Books,18198.74
1979,Product_1979,Electronics,17632.76
1980,Product_1980,Home,9225.88
1981,Product_1981,Sports,11319.08
1982,Product_1982,Sports,8837.03
1983,Product_1983,Electronics,10069.7
1984,Product_1984,Sports,1764.31
1985,Product_1985,Beauty,1849.06
1986,Product_1986,Books,4256.57
1987,Product_1987,Electronics,9882.73
1988,Product_1988,Electronics,268.22
1989,Product_1989,Clothing,14507.72
1990,Product_1990,Home,9018.45
1991,Product_1991,Home,13002.04
1992,Product_1992,Books,9363.2
1993,Product_1993,Beauty,1566.57
1994,Product_1994,Clothing,9043.06
1995,Product_1995,Books,15720.25
1996,Product_1996,Electronics,4186.45
1997,Product_1997,Electronics,19762.86
1998,Product_1998,Books,18189.37
1999,Product_1999,Clothing,19507.19
2000,Product_2000,Beauty,14065.98
